food_id,name,spicy_level,sweet_level,salt_level,price,cooking_time,category
1,ข้าวผัด,1,1,3,42,15,อาหารจานเดียว
2,ผัดไทย,4,4,3,62,13,อาหารจานเดียว
3,ต้มยำกุ้ง,5,1,4,115,22,แกง
4,ส้มตำ,5,3,3,46,9,ยำ
5,แกงเขียวหวาน,3,3,3,74,29,แกง
6,ผัดกระเพรา,1,2,3,42,16,อาหารจานเดียว
7,ข้าวมันไก่,5,1,2,62,8,อาหารจานเดียว
8,ก๋วยเตี๋ยวเรือ,5,1,3,62,23,อาหารจานเดียว
9,หมูทอดกระเทียม,4,5,2,110,45,อาหารจานเดียว
10,ข้าวหมูกระเทียม,1,1,4,66,20,อาหารจานเดียว
11,แกงมัสมั่น,1,1,2,70,11,แกง
12,แกงส้ม,2,3,2,69,24,แกง
13,ข้าวคลุกกะปิ,1,3,2,79,22,อาหารจานเดียว
14,ข้าวต้มปลา,2,2,3,38,10,อาหารจานเดียว
15,ผัดซีอิ๊ว,4,2,4,129,30,อาหารจานเดียว
16,ข้าวหน้าเป็ด,1,1,3,43,10,อาหารจานเดียว
17,ไก่ทอด,1,2,2,40,23,อาหารจานด่วน
18,กะเพราไก่ไข่ดาว,4,3,2,93,25,อาหารจานด่วน
19,บะหมี่เกี๊ยว,4,4,5,62,16,อาหารจานเดียว
20,ข้าวผัดปู,2,2,4,54,27,อาหารจานเดียว
21,ข้าวผัด,3,1,4,56,6,อาหารจานเดียว
22,ผัดไทย,2,4,4,52,17,อาหารจานเดียว
23,ต้มยำกุ้ง,5,3,5,126,20,แกง
24,ส้มตำ,5,1,3,30,11,ยำ
25,แกงเขียวหวาน,5,2,4,87,28,แกง
26,ผัดกระเพรา,2,3,2,53,16,อาหารจานเดียว
27,ข้าวมันไก่,5,2,2,60,10,อาหารจานเดียว
28,ก๋วยเตี๋ยวเรือ,3,1,3,70,17,อาหารจานเดียว
29,หมูทอดกระเทียม,2,5,3,94,42,อาหารจานเดียว
30,ข้าวหมูกระเทียม,2,1,3,68,13,อาหารจานเดียว
31,แกงมัสมั่น,3,1,3,70,18,แกง
32,แกงส้ม,1,3,1,51,26,แกง
33,ข้าวคลุกกะปิ,2,2,2,87,23,อาหารจานเดียว
34,ข้าวต้มปลา,1,2,1,30,3,อาหารจานเดียว
35,ผัดซีอิ๊ว,2,1,4,123,30,อาหารจานเดียว
36,ข้าวหน้าเป็ด,1,1,1,39,20,อาหารจานเดียว
37,ไก่ทอด,1,3,2,44,18,อาหารจานด่วน
38,กะเพราไก่ไข่ดาว,2,3,2,95,21,อาหารจานด่วน
39,บะหมี่เกี๊ยว,5,2,4,77,12,อาหารจานเดียว
40,ข้าวผัดปู,4,3,2,63,25,อาหารจานเดียว
41,ข้าวผัด,1,2,4,58,14,อาหารจานเดียว
42,ผัดไทย,4,4,4,50,14,อาหารจานเดียว
43,ต้มยำกุ้ง,5,2,3,121,21,แกง
44,ส้มตำ,4,3,5,34,7,ยำ
45,แกงเขียวหวาน,5,2,4,75,29,แกง
46,ผัดกระเพรา,1,2,2,43,15,อาหารจานเดียว
47,ข้าวมันไก่,4,1,4,66,10,อาหารจานเดียว
48,ก๋วยเตี๋ยวเรือ,3,1,3,63,18,อาหารจานเดียว
49,หมูทอดกระเทียม,3,3,4,100,39,อาหารจานเดียว
50,ข้าวหมูกระเทียม,3,1,4,58,10,อาหารจานเดียว
51,แกงมัสมั่น,3,2,4,64,11,แกง
52,แกงส้ม,2,2,1,64,25,แกง
53,ข้าวคลุกกะปิ,1,2,4,84,20,อาหารจานเดียว
54,ข้าวต้มปลา,1,1,2,30,0,อาหารจานเดียว
55,ผัดซีอิ๊ว,4,2,4,124,34,อาหารจานเดียว
56,ข้าวหน้าเป็ด,2,1,2,37,17,อาหารจานเดียว
57,ไก่ทอด,2,2,3,49,23,อาหารจานด่วน
58,กะเพราไก่ไข่ดาว,2,3,4,90,29,อาหารจานด่วน
59,บะหมี่เกี๊ยว,4,4,5,79,16,อาหารจานเดียว
60,ข้าวผัดปู,4,1,2,68,26,อาหารจานเดียว
61,ข้าวผัด,2,2,2,46,15,อาหารจานเดียว
62,ผัดไทย,2,3,4,67,10,อาหารจานเดียว
63,ต้มยำกุ้ง,5,3,4,122,21,แกง
64,ส้มตำ,5,1,5,48,9,ยำ
65,แกงเขียวหวาน,3,3,3,79,33,แกง
66,ผัดกระเพรา,1,3,1,51,25,อาหารจานเดียว
67,ข้าวมันไก่,5,1,3,68,15,อาหารจานเดียว
68,ก๋วยเตี๋ยวเรือ,3,2,5,79,23,อาหารจานเดียว
69,หมูทอดกระเทียม,4,4,2,94,37,อาหารจานเดียว
70,ข้าวหมูกระเทียม,3,3,4,70,10,อาหารจานเดียว
71,แกงมัสมั่น,2,1,2,62,13,แกง
72,แกงส้ม,1,1,1,64,22,แกง
73,ข้าวคลุกกะปิ,1,2,3,72,24,อาหารจานเดียว
74,ข้าวต้มปลา,1,2,1,48,3,อาหารจานเดียว
75,ผัดซีอิ๊ว,2,3,3,110,33,อาหารจานเดียว
76,ข้าวหน้าเป็ด,1,1,3,40,20,อาหารจานเดียว
77,ไก่ทอด,3,3,3,56,22,อาหารจานด่วน
78,กะเพราไก่ไข่ดาว,4,1,4,88,20,อาหารจานด่วน
79,บะหมี่เกี๊ยว,3,3,3,75,19,อาหารจานเดียว
80,ข้าวผัดปู,3,3,2,50,20,อาหารจานเดียว
81,ข้าวผัด,1,3,4,54,6,อาหารจานเดียว
82,ผัดไทย,3,2,5,60,15,อาหารจานเดียว
83,ต้มยำกุ้ง,4,1,4,112,24,แกง
84,ส้มตำ,5,2,4,46,6,ยำ
85,แกงเขียวหวาน,3,3,3,78,31,แกง
86,ผัดกระเพรา,2,2,1,46,25,อาหารจานเดียว
87,ข้าวมันไก่,5,2,2,61,15,อาหารจานเดียว
88,ก๋วยเตี๋ยวเรือ,3,1,4,78,16,อาหารจานเดียว
89,หมูทอดกระเทียม,4,4,4,90,37,อาหารจานเดียว
90,ข้าวหมูกระเทียม,3,1,3,51,18,อาหารจานเดียว
91,แกงมัสมั่น,3,1,3,75,13,แกง
92,แกงส้ม,1,1,1,54,25,แกง
93,ข้าวคลุกกะปิ,2,2,2,87,19,อาหารจานเดียว
94,ข้าวต้มปลา,1,1,1,34,9,อาหารจานเดียว
95,ผัดซีอิ๊ว,2,2,4,111,25,อาหารจานเดียว
96,ข้าวหน้าเป็ด,1,1,3,36,11,อาหารจานเดียว
97,ไก่ทอด,3,2,2,54,15,อาหารจานด่วน
98,กะเพราไก่ไข่ดาว,4,2,4,95,25,อาหารจานด่วน
99,บะหมี่เกี๊ยว,3,3,4,75,10,อาหารจานเดียว
100,ข้าวผัดปู,3,1,2,56,22,อาหารจานเดียว
101,ข้าวผัด,1,3,4,44,15,อาหารจานเดียว
102,ผัดไทย,4,4,5,62,19,อาหารจานเดียว
103,ต้มยำกุ้ง,4,3,5,121,26,แกง
104,ส้มตำ,4,2,5,45,15,ยำ
105,แกงเขียวหวาน,3,2,2,73,25,แกง
106,ผัดกระเพรา,1,1,2,42,21,อาหารจานเดียว
107,ข้าวมันไก่,4,1,3,64,12,อาหารจานเดียว
108,ก๋วยเตี๋ยวเรือ,3,1,4,65,23,อาหารจานเดียว
109,หมูทอดกระเทียม,3,4,4,99,44,อาหารจานเดียว
110,ข้าวหมูกระเทียม,1,2,2,64,16,อาหารจานเดียว
111,แกงมัสมั่น,1,1,3,80,19,แกง
112,แกงส้ม,2,1,3,63,20,แกง
113,ข้าวคลุกกะปิ,1,3,3,70,18,อาหารจานเดียว
114,ข้าวต้มปลา,2,2,1,49,3,อาหารจานเดียว
115,ผัดซีอิ๊ว,4,1,3,129,25,อาหารจานเดียว
116,ข้าวหน้าเป็ด,1,1,1,38,16,อาหารจานเดียว
117,ไก่ทอด,1,2,4,43,16,อาหารจานด่วน
118,กะเพราไก่ไข่ดาว,3,2,4,82,24,อาหารจานด่วน
119,บะหมี่เกี๊ยว,5,3,3,70,14,อาหารจานเดียว
120,ข้าวผัดปู,4,1,4,52,27,อาหารจานเดียว
121,ข้าวผัด,2,1,2,60,15,อาหารจานเดียว
122,ผัดไทย,4,3,3,51,10,อาหารจานเดียว
123,ต้มยำกุ้ง,4,3,5,119,29,แกง
124,ส้มตำ,4,2,3,50,5,ยำ
125,แกงเขียวหวาน,4,2,3,77,25,แกง
126,ผัดกระเพรา,1,1,1,48,23,อาหารจานเดียว
127,ข้าวมันไก่,5,1,3,67,5,อาหารจานเดียว
128,ก๋วยเตี๋ยวเรือ,5,2,4,71,23,อาหารจานเดียว
129,หมูทอดกระเทียม,3,3,3,99,45,อาหารจานเดียว
130,ข้าวหมูกระเทียม,2,2,4,61,19,อาหารจานเดียว
131,แกงมัสมั่น,1,2,3,67,14,แกง
132,แกงส้ม,2,1,1,60,25,แกง
133,ข้าวคลุกกะปิ,2,1,4,77,18,อาหารจานเดียว
134,ข้าวต้มปลา,1,2,1,46,8,อาหารจานเดียว
135,ผัดซีอิ๊ว,2,2,4,123,35,อาหารจานเดียว
136,ข้าวหน้าเป็ด,2,1,3,43,20,อาหารจานเดียว
137,ไก่ทอด,3,2,4,42,17,อาหารจานด่วน
138,กะเพราไก่ไข่ดาว,2,3,3,87,23,อาหารจานด่วน
139,บะหมี่เกี๊ยว,3,4,4,66,12,อาหารจานเดียว
140,ข้าวผัดปู,2,3,3,56,30,อาหารจานเดียว
141,ข้าวผัด,1,2,4,55,9,อาหารจานเดียว
142,ผัดไทย,2,3,3,59,11,อาหารจานเดียว
143,ต้มยำกุ้ง,5,1,4,116,22,แกง
144,ส้มตำ,5,1,3,33,15,ยำ
145,แกงเขียวหวาน,3,4,2,83,28,แกง
146,ผัดกระเพรา,1,3,3,53,22,อาหารจานเดียว
147,ข้าวมันไก่,5,2,2,60,14,อาหารจานเดียว
148,ก๋วยเตี๋ยวเรือ,3,2,4,60,19,อาหารจานเดียว
149,หมูทอดกระเทียม,2,3,4,99,41,อาหารจานเดียว
150,ข้าวหมูกระเทียม,1,3,2,54,11,อาหารจานเดียว
151,แกงมัสมั่น,1,2,4,73,13,แกง
152,แกงส้ม,1,2,2,53,25,แกง
153,ข้าวคลุกกะปิ,3,1,2,89,25,อาหารจานเดียว
154,ข้าวต้มปลา,2,1,2,33,1,อาหารจานเดียว
155,ผัดซีอิ๊ว,2,1,4,112,29,อาหารจานเดียว
156,ข้าวหน้าเป็ด,2,2,2,40,17,อาหารจานเดียว
157,ไก่ทอด,2,3,4,56,19,อาหารจานด่วน
158,กะเพราไก่ไข่ดาว,2,3,2,84,22,อาหารจานด่วน
159,บะหมี่เกี๊ยว,5,3,3,68,19,อาหารจานเดียว
160,ข้าวผัดปู,3,3,2,60,23,อาหารจานเดียว
161,ข้าวผัด,2,2,4,52,12,อาหารจานเดียว
162,ผัดไทย,3,3,4,53,20,อาหารจานเดียว
163,ต้มยำกุ้ง,5,2,5,110,28,แกง
164,ส้มตำ,5,1,5,48,7,ยำ
165,แกงเขียวหวาน,5,2,4,86,29,แกง
166,ผัดกระเพรา,1,1,3,50,16,อาหารจานเดียว
167,ข้าวมันไก่,5,1,2,53,15,อาหารจานเดียว
168,ก๋วยเตี๋ยวเรือ,3,1,3,66,23,อาหารจานเดียว
169,หมูทอดกระเทียม,2,3,2,109,38,อาหารจานเดียว
170,ข้าวหมูกระเทียม,1,1,2,56,20,อาหารจานเดียว
171,แกงมัสมั่น,1,2,2,77,11,แกง
172,แกงส้ม,1,3,2,50,26,แกง
173,ข้าวคลุกกะปิ,2,1,3,74,23,อาหารจานเดียว
174,ข้าวต้มปลา,1,2,3,41,10,อาหารจานเดียว
175,ผัดซีอิ๊ว,2,2,5,130,28,อาหารจานเดียว
176,ข้าวหน้าเป็ด,2,1,2,43,10,อาหารจานเดียว
177,ไก่ทอด,1,2,3,52,24,อาหารจานด่วน
178,กะเพราไก่ไข่ดาว,3,2,3,82,21,อาหารจานด่วน
179,บะหมี่เกี๊ยว,3,3,4,60,13,อาหารจานเดียว
180,ข้าวผัดปู,3,2,3,58,26,อาหารจานเดียว
181,ข้าวผัด,3,3,3,50,11,อาหารจานเดียว
182,ผัดไทย,2,3,3,58,19,อาหารจานเดียว
183,ต้มยำกุ้ง,5,2,5,127,26,แกง
184,ส้มตำ,4,2,4,37,13,ยำ
185,แกงเขียวหวาน,5,3,3,89,35,แกง
186,ผัดกระเพรา,2,2,3,56,18,อาหารจานเดียว
187,ข้าวมันไก่,4,1,2,59,8,อาหารจานเดียว
188,ก๋วยเตี๋ยวเรือ,4,1,5,70,23,อาหารจานเดียว
189,หมูทอดกระเทียม,2,5,4,94,38,อาหารจานเดียว
190,ข้าวหมูกระเทียม,3,1,4,64,18,อาหารจานเดียว
191,แกงมัสมั่น,3,2,4,68,15,แกง
192,แกงส้ม,2,2,3,51,24,แกง
193,ข้าวคลุกกะปิ,2,2,4,79,18,อาหารจานเดียว
194,ข้าวต้มปลา,1,1,2,47,7,อาหารจานเดียว
195,ผัดซีอิ๊ว,2,2,4,112,32,อาหารจานเดียว
196,ข้าวหน้าเป็ด,2,2,2,30,16,อาหารจานเดียว
197,ไก่ทอด,1,2,2,54,16,อาหารจานด่วน
198,กะเพราไก่ไข่ดาว,4,1,4,98,27,อาหารจานด่วน
199,บะหมี่เกี๊ยว,5,3,3,64,15,อาหารจานเดียว
200,ข้าวผัดปู,3,1,2,66,30,อาหารจานเดียว
201,ข้าวผัด,2,1,2,40,8,อาหารจานเดียว
202,ผัดไทย,3,4,3,51,18,อาหารจานเดียว
203,ต้มยำกุ้ง,5,1,3,116,30,แกง
204,ส้มตำ,4,1,4,48,8,ยำ
205,แกงเขียวหวาน,4,4,4,72,32,แกง
206,ผัดกระเพรา,1,1,1,48,23,อาหารจานเดียว
207,ข้าวมันไก่,4,1,4,63,15,อาหารจานเดียว
208,ก๋วยเตี๋ยวเรือ,3,1,5,74,18,อาหารจานเดียว
209,หมูทอดกระเทียม,2,5,2,103,41,อาหารจานเดียว
210,ข้าวหมูกระเทียม,2,3,3,67,14,อาหารจานเดียว
211,แกงมัสมั่น,2,1,4,63,20,แกง
212,แกงส้ม,2,2,2,66,24,แกง
213,ข้าวคลุกกะปิ,3,2,2,75,16,อาหารจานเดียว
214,ข้าวต้มปลา,2,1,3,42,2,อาหารจานเดียว
215,ผัดซีอิ๊ว,4,1,4,113,34,อาหารจานเดียว
216,ข้าวหน้าเป็ด,1,1,1,32,19,อาหารจานเดียว
217,ไก่ทอด,2,1,4,52,24,อาหารจานด่วน
218,กะเพราไก่ไข่ดาว,2,2,3,91,20,อาหารจานด่วน
219,บะหมี่เกี๊ยว,4,4,4,64,14,อาหารจานเดียว
220,ข้าวผัดปู,4,2,4,62,28,อาหารจานเดียว
221,ข้าวผัด,1,3,3,48,8,อาหารจานเดียว
222,ผัดไทย,2,2,4,54,13,อาหารจานเดียว
223,ต้มยำกุ้ง,5,2,3,124,25,แกง
224,ส้มตำ,4,3,4,30,14,ยำ
225,แกงเขียวหวาน,5,2,2,81,32,แกง
226,ผัดกระเพรา,1,1,1,59,21,อาหารจานเดียว
227,ข้าวมันไก่,5,2,4,67,15,อาหารจานเดียว
228,ก๋วยเตี๋ยวเรือ,5,1,3,70,22,อาหารจานเดียว
229,หมูทอดกระเทียม,4,3,4,92,45,อาหารจานเดียว
230,ข้าวหมูกระเทียม,2,2,2,65,20,อาหารจานเดียว
231,แกงมัสมั่น,3,1,4,64,19,แกง
232,แกงส้ม,1,1,3,51,27,แกง
233,ข้าวคลุกกะปิ,2,1,4,81,20,อาหารจานเดียว
234,ข้าวต้มปลา,1,1,3,40,7,อาหารจานเดียว
235,ผัดซีอิ๊ว,2,3,5,121,32,อาหารจานเดียว
236,ข้าวหน้าเป็ด,1,1,3,36,19,อาหารจานเดียว
237,ไก่ทอด,3,2,2,43,24,อาหารจานด่วน
238,กะเพราไก่ไข่ดาว,2,3,2,90,30,อาหารจานด่วน
239,บะหมี่เกี๊ยว,5,3,4,65,16,อาหารจานเดียว
240,ข้าวผัดปู,4,2,2,57,29,อาหารจานเดียว
241,ข้าวผัด,2,1,2,52,14,อาหารจานเดียว
242,ผัดไทย,4,4,5,61,11,อาหารจานเดียว
243,ต้มยำกุ้ง,5,3,5,117,28,แกง
244,ส้มตำ,5,1,5,34,13,ยำ
245,แกงเขียวหวาน,5,3,4,89,25,แกง
246,ผัดกระเพรา,1,2,1,60,22,อาหารจานเดียว
247,ข้าวมันไก่,5,1,4,64,12,อาหารจานเดียว
248,ก๋วยเตี๋ยวเรือ,3,2,5,67,15,อาหารจานเดียว
249,หมูทอดกระเทียม,2,4,3,100,36,อาหารจานเดียว
250,ข้าวหมูกระเทียม,3,2,2,61,18,อาหารจานเดียว
251,แกงมัสมั่น,1,2,2,70,15,แกง
252,แกงส้ม,1,2,3,61,22,แกง
253,ข้าวคลุกกะปิ,2,1,3,90,19,อาหารจานเดียว
254,ข้าวต้มปลา,1,2,1,48,0,อาหารจานเดียว
255,ผัดซีอิ๊ว,2,3,3,111,35,อาหารจานเดียว
256,ข้าวหน้าเป็ด,1,2,3,35,15,อาหารจานเดียว
257,ไก่ทอด,2,2,3,49,16,อาหารจานด่วน
258,กะเพราไก่ไข่ดาว,4,2,4,95,30,อาหารจานด่วน
259,บะหมี่เกี๊ยว,4,4,4,63,20,อาหารจานเดียว
260,ข้าวผัดปู,4,3,3,57,21,อาหารจานเดียว
261,ข้าวผัด,1,3,2,42,9,อาหารจานเดียว
262,ผัดไทย,2,4,3,67,13,อาหารจานเดียว
263,ต้มยำกุ้ง,4,3,3,114,21,แกง
264,ส้มตำ,5,3,5,39,15,ยำ
265,แกงเขียวหวาน,4,4,2,89,33,แกง
266,ผัดกระเพรา,2,3,1,50,24,อาหารจานเดียว
267,ข้าวมันไก่,5,1,2,55,5,อาหารจานเดียว
268,ก๋วยเตี๋ยวเรือ,3,1,5,72,23,อาหารจานเดียว
269,หมูทอดกระเทียม,2,4,2,95,39,อาหารจานเดียว
270,ข้าวหมูกระเทียม,3,2,4,52,12,อาหารจานเดียว
271,แกงมัสมั่น,3,1,3,60,15,แกง
272,แกงส้ม,2,1,2,64,25,แกง
273,ข้าวคลุกกะปิ,2,2,3,81,23,อาหารจานเดียว
274,ข้าวต้มปลา,1,1,3,38,4,อาหารจานเดียว
275,ผัดซีอิ๊ว,2,3,5,124,28,อาหารจานเดียว
276,ข้าวหน้าเป็ด,1,1,3,34,10,อาหารจานเดียว
277,ไก่ทอด,2,1,2,44,23,อาหารจานด่วน
278,กะเพราไก่ไข่ดาว,3,1,2,90,25,อาหารจานด่วน
279,บะหมี่เกี๊ยว,5,3,5,70,17,อาหารจานเดียว
280,ข้าวผัดปู,3,1,4,61,26,อาหารจานเดียว
281,ข้าวผัด,3,1,3,56,11,อาหารจานเดียว
282,ผัดไทย,2,2,4,66,16,อาหารจานเดียว
283,ต้มยำกุ้ง,5,3,4,111,30,แกง
284,ส้มตำ,4,2,5,34,10,ยำ
285,แกงเขียวหวาน,4,3,2,86,29,แกง
286,ผัดกระเพรา,2,3,1,59,25,อาหารจานเดียว
287,ข้าวมันไก่,4,1,2,62,9,อาหารจานเดียว
288,ก๋วยเตี๋ยวเรือ,3,1,5,65,21,อาหารจานเดียว
289,หมูทอดกระเทียม,3,3,4,92,45,อาหารจานเดียว
290,ข้าวหมูกระเทียม,1,2,4,66,14,อาหารจานเดียว
291,แกงมัสมั่น,1,1,3,76,19,แกง
292,แกงส้ม,1,3,1,56,24,แกง
293,ข้าวคลุกกะปิ,2,2,2,82,15,อาหารจานเดียว
294,ข้าวต้มปลา,1,1,1,50,7,อาหารจานเดียว
295,ผัดซีอิ๊ว,4,2,4,114,32,อาหารจานเดียว
296,ข้าวหน้าเป็ด,1,1,2,42,14,อาหารจานเดียว
297,ไก่ทอด,3,2,2,55,25,อาหารจานด่วน
298,กะเพราไก่ไข่ดาว,2,2,2,88,25,อาหารจานด่วน
299,บะหมี่เกี๊ยว,3,4,5,68,17,อาหารจานเดียว
300,ข้าวผัดปู,2,3,2,64,26,อาหารจานเดียว
301,ข้าวผัด,2,1,4,60,15,อาหารจานเดียว
302,ผัดไทย,2,4,3,53,14,อาหารจานเดียว
303,ต้มยำกุ้ง,5,1,4,120,24,แกง
304,ส้มตำ,4,3,5,39,13,ยำ
305,แกงเขียวหวาน,3,2,2,80,26,แกง
306,ผัดกระเพรา,1,2,2,52,15,อาหารจานเดียว
307,ข้าวมันไก่,5,1,2,59,5,อาหารจานเดียว
308,ก๋วยเตี๋ยวเรือ,5,1,4,67,19,อาหารจานเดียว
309,หมูทอดกระเทียม,3,4,2,109,45,อาหารจานเดียว
310,ข้าวหมูกระเทียม,3,2,2,61,12,อาหารจานเดียว
311,แกงมัสมั่น,3,2,3,78,10,แกง
312,แกงส้ม,1,3,3,64,25,แกง
313,ข้าวคลุกกะปิ,2,2,4,78,23,อาหารจานเดียว
314,ข้าวต้มปลา,1,1,3,47,0,อาหารจานเดียว
315,ผัดซีอิ๊ว,4,2,5,116,27,อาหารจานเดียว
316,ข้าวหน้าเป็ด,1,2,2,40,20,อาหารจานเดียว
317,ไก่ทอด,2,3,3,56,19,อาหารจานด่วน
318,กะเพราไก่ไข่ดาว,4,1,3,93,21,อาหารจานด่วน
319,บะหมี่เกี๊ยว,4,2,3,78,14,อาหารจานเดียว
320,ข้าวผัดปู,3,1,2,50,30,อาหารจานเดียว
321,ข้าวผัด,1,3,4,51,13,อาหารจานเดียว
322,ผัดไทย,3,2,3,69,16,อาหารจานเดียว
323,ต้มยำกุ้ง,5,1,5,112,29,แกง
324,ส้มตำ,5,2,5,37,11,ยำ
325,แกงเขียวหวาน,3,4,4,78,30,แกง
326,ผัดกระเพรา,1,1,2,49,24,อาหารจานเดียว
327,ข้าวมันไก่,4,1,2,66,7,อาหารจานเดียว
328,ก๋วยเตี๋ยวเรือ,4,2,4,66,21,อาหารจานเดียว
329,หมูทอดกระเทียม,2,4,4,108,40,อาหารจานเดียว
330,ข้าวหมูกระเทียม,2,1,3,69,10,อาหารจานเดียว
331,แกงมัสมั่น,2,1,2,67,19,แกง
332,แกงส้ม,2,1,1,56,30,แกง
333,ข้าวคลุกกะปิ,1,1,3,71,21,อาหารจานเดียว
334,ข้าวต้มปลา,2,1,1,47,0,อาหารจานเดียว
335,ผัดซีอิ๊ว,3,2,5,110,26,อาหารจานเดียว
336,ข้าวหน้าเป็ด,2,2,1,30,14,อาหารจานเดียว
337,ไก่ทอด,2,1,2,47,22,อาหารจานด่วน
338,กะเพราไก่ไข่ดาว,3,3,4,96,22,อาหารจานด่วน
339,บะหมี่เกี๊ยว,3,2,4,73,13,อาหารจานเดียว
340,ข้าวผัดปู,3,2,4,52,29,อาหารจานเดียว
341,ข้าวผัด,3,2,3,55,14,อาหารจานเดียว
342,ผัดไทย,3,3,5,54,11,อาหารจานเดียว
343,ต้มยำกุ้ง,5,2,3,113,30,แกง
344,ส้มตำ,4,1,5,45,13,ยำ
345,แกงเขียวหวาน,5,4,4,70,31,แกง
346,ผัดกระเพรา,2,1,2,46,24,อาหารจานเดียว
347,ข้าวมันไก่,5,2,3,59,6,อาหารจานเดียว
348,ก๋วยเตี๋ยวเรือ,4,1,5,79,24,อาหารจานเดียว
349,หมูทอดกระเทียม,3,5,2,92,38,อาหารจานเดียว
350,ข้าวหมูกระเทียม,2,1,2,70,16,อาหารจานเดียว
351,แกงมัสมั่น,1,1,4,75,20,แกง
352,แกงส้ม,1,1,2,53,22,แกง
353,ข้าวคลุกกะปิ,2,3,4,76,21,อาหารจานเดียว
354,ข้าวต้มปลา,1,1,2,38,6,อาหารจานเดียว
355,ผัดซีอิ๊ว,3,2,5,128,31,อาหารจานเดียว
356,ข้าวหน้าเป็ด,1,2,1,36,14,อาหารจานเดียว
357,ไก่ทอด,3,1,3,52,17,อาหารจานด่วน
358,กะเพราไก่ไข่ดาว,2,1,4,94,24,อาหารจานด่วน
359,บะหมี่เกี๊ยว,3,4,5,78,13,อาหารจานเดียว
360,ข้าวผัดปู,2,1,3,54,30,อาหารจานเดียว
361,ข้าวผัด,1,1,3,49,8,อาหารจานเดียว
362,ผัดไทย,4,2,5,60,11,อาหารจานเดียว
363,ต้มยำกุ้ง,4,2,4,115,26,แกง
364,ส้มตำ,4,3,4,44,15,ยำ
365,แกงเขียวหวาน,5,2,3,80,30,แกง
366,ผัดกระเพรา,1,2,3,59,18,อาหารจานเดียว
367,ข้าวมันไก่,4,2,3,68,5,อาหารจานเดียว
368,ก๋วยเตี๋ยวเรือ,5,1,5,80,24,อาหารจานเดียว
369,หมูทอดกระเทียม,4,3,4,107,44,อาหารจานเดียว
370,ข้าวหมูกระเทียม,3,2,3,50,18,อาหารจานเดียว
371,แกงมัสมั่น,3,2,3,64,10,แกง
372,แกงส้ม,1,3,2,51,30,แกง
373,ข้าวคลุกกะปิ,1,2,4,89,25,อาหารจานเดียว
374,ข้าวต้มปลา,1,1,2,37,2,อาหารจานเดียว
375,ผัดซีอิ๊ว,4,2,4,126,28,อาหารจานเดียว
376,ข้าวหน้าเป็ด,2,1,1,47,17,อาหารจานเดียว
377,ไก่ทอด,2,1,3,57,19,อาหารจานด่วน
378,กะเพราไก่ไข่ดาว,3,3,3,83,29,อาหารจานด่วน
379,บะหมี่เกี๊ยว,4,4,5,64,10,อาหารจานเดียว
380,ข้าวผัดปู,2,3,2,58,22,อาหารจานเดียว
381,ข้าวผัด,2,2,4,44,13,อาหารจานเดียว
382,ผัดไทย,2,2,3,70,16,อาหารจานเดียว
383,ต้มยำกุ้ง,5,2,5,128,27,แกง
384,ส้มตำ,5,2,4,38,10,ยำ
385,แกงเขียวหวาน,4,2,3,90,28,แกง
386,ผัดกระเพรา,2,2,3,59,15,อาหารจานเดียว
387,ข้าวมันไก่,5,2,4,64,15,อาหารจานเดียว
388,ก๋วยเตี๋ยวเรือ,5,2,4,61,19,อาหารจานเดียว
389,หมูทอดกระเทียม,2,5,2,96,41,อาหารจานเดียว
390,ข้าวหมูกระเทียม,2,1,4,55,14,อาหารจานเดียว
391,แกงมัสมั่น,1,2,3,79,19,แกง
392,แกงส้ม,2,3,1,52,26,แกง
393,ข้าวคลุกกะปิ,3,3,4,80,23,อาหารจานเดียว
394,ข้าวต้มปลา,1,1,1,44,2,อาหารจานเดียว
395,ผัดซีอิ๊ว,3,2,4,130,29,อาหารจานเดียว
396,ข้าวหน้าเป็ด,1,1,1,40,15,อาหารจานเดียว
397,ไก่ทอด,2,3,4,41,20,อาหารจานด่วน
398,กะเพราไก่ไข่ดาว,3,1,2,95,27,อาหารจานด่วน
399,บะหมี่เกี๊ยว,3,4,5,80,14,อาหารจานเดียว
400,ข้าวผัดปู,3,1,3,57,27,อาหารจานเดียว
401,ข้าวผัด,1,1,3,53,11,อาหารจานเดียว
402,ผัดไทย,3,4,3,61,16,อาหารจานเดียว
403,ต้มยำกุ้ง,4,2,5,110,20,แกง
404,ส้มตำ,5,1,5,31,7,ยำ
405,แกงเขียวหวาน,3,2,3,74,27,แกง
406,ผัดกระเพรา,1,1,1,40,15,อาหารจานเดียว
407,ข้าวมันไก่,5,2,3,68,11,อาหารจานเดียว
408,ก๋วยเตี๋ยวเรือ,5,1,5,63,16,อาหารจานเดียว
409,หมูทอดกระเทียม,4,4,3,98,38,อาหารจานเดียว
410,ข้าวหมูกระเทียม,2,2,4,67,10,อาหารจานเดียว
411,แกงมัสมั่น,3,1,2,67,17,แกง
412,แกงส้ม,1,3,3,64,24,แกง
413,ข้าวคลุกกะปิ,2,3,3,83,24,อาหารจานเดียว
414,ข้าวต้มปลา,2,1,3,49,8,อาหารจานเดียว
415,ผัดซีอิ๊ว,4,3,3,113,28,อาหารจานเดียว
416,ข้าวหน้าเป็ด,1,1,1,44,12,อาหารจานเดียว
417,ไก่ทอด,3,2,2,54,17,อาหารจานด่วน
418,กะเพราไก่ไข่ดาว,2,1,2,83,29,อาหารจานด่วน
419,บะหมี่เกี๊ยว,3,3,5,62,18,อาหารจานเดียว
420,ข้าวผัดปู,4,1,2,53,24,อาหารจานเดียว
421,ข้าวผัด,2,1,2,57,5,อาหารจานเดียว
422,ผัดไทย,3,2,3,61,20,อาหารจานเดียว
423,ต้มยำกุ้ง,5,1,5,123,20,แกง
424,ส้มตำ,4,2,4,34,6,ยำ
425,แกงเขียวหวาน,4,4,2,78,25,แกง
426,ผัดกระเพรา,1,3,2,41,22,อาหารจานเดียว
427,ข้าวมันไก่,5,1,3,65,14,อาหารจานเดียว
428,ก๋วยเตี๋ยวเรือ,5,2,5,80,22,อาหารจานเดียว
429,หมูทอดกระเทียม,3,3,3,94,39,อาหารจานเดียว
430,ข้าวหมูกระเทียม,1,1,2,66,13,อาหารจานเดียว
431,แกงมัสมั่น,1,2,4,80,19,แกง
432,แกงส้ม,1,3,3,55,28,แกง
433,ข้าวคลุกกะปิ,2,2,4,80,18,อาหารจานเดียว
434,ข้าวต้มปลา,2,2,1,47,8,อาหารจานเดียว
435,ผัดซีอิ๊ว,2,1,4,129,25,อาหารจานเดียว
436,ข้าวหน้าเป็ด,1,2,3,36,11,อาหารจานเดียว
437,ไก่ทอด,3,3,4,57,22,อาหารจานด่วน
438,กะเพราไก่ไข่ดาว,4,1,4,98,26,อาหารจานด่วน
439,บะหมี่เกี๊ยว,3,2,5,72,12,อาหารจานเดียว
440,ข้าวผัดปู,3,1,3,59,22,อาหารจานเดียว
441,ข้าวผัด,2,1,2,51,7,อาหารจานเดียว
442,ผัดไทย,2,4,4,58,16,อาหารจานเดียว
443,ต้มยำกุ้ง,5,3,3,123,24,แกง
444,ส้มตำ,5,3,4,49,12,ยำ
445,แกงเขียวหวาน,3,2,3,82,33,แกง
446,ผัดกระเพรา,1,2,1,46,19,อาหารจานเดียว
447,ข้าวมันไก่,4,2,2,50,11,อาหารจานเดียว
448,ก๋วยเตี๋ยวเรือ,3,1,4,77,18,อาหารจานเดียว
449,หมูทอดกระเทียม,3,4,4,90,35,อาหารจานเดียว
450,ข้าวหมูกระเทียม,2,2,4,51,20,อาหารจานเดียว
451,แกงมัสมั่น,2,1,4,61,18,แกง
452,แกงส้ม,2,3,2,64,29,แกง
453,ข้าวคลุกกะปิ,1,3,3,72,25,อาหารจานเดียว
454,ข้าวต้มปลา,1,1,3,34,7,อาหารจานเดียว
455,ผัดซีอิ๊ว,3,3,4,114,28,อาหารจานเดียว
456,ข้าวหน้าเป็ด,1,2,1,39,15,อาหารจานเดียว
457,ไก่ทอด,1,2,3,45,17,อาหารจานด่วน
458,กะเพราไก่ไข่ดาว,3,3,3,92,22,อาหารจานด่วน
459,บะหมี่เกี๊ยว,4,2,3,74,10,อาหารจานเดียว
460,ข้าวผัดปู,2,1,2,50,25,อาหารจานเดียว
461,ข้าวผัด,2,3,3,40,8,อาหารจานเดียว
462,ผัดไทย,2,3,5,67,17,อาหารจานเดียว
463,ต้มยำกุ้ง,5,1,5,112,30,แกง
464,ส้มตำ,5,2,5,39,5,ยำ
465,แกงเขียวหวาน,4,2,2,90,26,แกง
466,ผัดกระเพรา,1,3,1,40,15,อาหารจานเดียว
467,ข้าวมันไก่,4,1,3,61,6,อาหารจานเดียว
468,ก๋วยเตี๋ยวเรือ,5,1,3,80,20,อาหารจานเดียว
469,หมูทอดกระเทียม,2,3,3,95,39,อาหารจานเดียว
470,ข้าวหมูกระเทียม,2,1,3,55,16,อาหารจานเดียว
471,แกงมัสมั่น,3,1,4,67,15,แกง
472,แกงส้ม,1,3,2,54,24,แกง
473,ข้าวคลุกกะปิ,1,1,4,87,16,อาหารจานเดียว
474,ข้าวต้มปลา,1,2,3,32,9,อาหารจานเดียว
475,ผัดซีอิ๊ว,2,2,4,123,31,อาหารจานเดียว
476,ข้าวหน้าเป็ด,1,1,2,43,18,อาหารจานเดียว
477,ไก่ทอด,3,1,4,40,25,อาหารจานด่วน
478,กะเพราไก่ไข่ดาว,2,1,4,97,27,อาหารจานด่วน
479,บะหมี่เกี๊ยว,5,2,5,66,17,อาหารจานเดียว
480,ข้าวผัดปู,2,2,2,63,23,อาหารจานเดียว
481,ข้าวผัด,2,2,3,45,8,อาหารจานเดียว
482,ผัดไทย,4,3,4,52,12,อาหารจานเดียว
483,ต้มยำกุ้ง,4,1,4,116,30,แกง
484,ส้มตำ,4,3,5,38,8,ยำ
485,แกงเขียวหวาน,4,3,3,88,33,แกง
486,ผัดกระเพรา,1,3,1,54,25,อาหารจานเดียว
487,ข้าวมันไก่,5,1,4,57,9,อาหารจานเดียว
488,ก๋วยเตี๋ยวเรือ,4,1,4,69,17,อาหารจานเดียว
489,หมูทอดกระเทียม,2,5,3,90,38,อาหารจานเดียว
490,ข้าวหมูกระเทียม,1,1,4,67,19,อาหารจานเดียว
491,แกงมัสมั่น,3,1,2,68,10,แกง
492,แกงส้ม,1,1,1,63,27,แกง
493,ข้าวคลุกกะปิ,1,1,2,74,25,อาหารจานเดียว
494,ข้าวต้มปลา,1,1,2,31,6,อาหารจานเดียว
495,ผัดซีอิ๊ว,2,2,5,118,35,อาหารจานเดียว
496,ข้าวหน้าเป็ด,2,2,1,36,10,อาหารจานเดียว
497,ไก่ทอด,3,3,2,45,17,อาหารจานด่วน
498,กะเพราไก่ไข่ดาว,2,2,2,82,23,อาหารจานด่วน
499,บะหมี่เกี๊ยว,5,4,3,66,20,อาหารจานเดียว
500,ข้าวผัดปู,2,1,4,64,20,อาหารจานเดียว
501,ข้าวผัด,1,1,4,47,10,อาหารจานเดียว
502,ผัดไทย,3,4,3,68,13,อาหารจานเดียว
503,ต้มยำกุ้ง,5,2,3,128,24,แกง
504,ส้มตำ,4,3,4,46,9,ยำ
505,แกงเขียวหวาน,3,4,4,80,33,แกง
506,ผัดกระเพรา,1,2,3,43,22,อาหารจานเดียว
507,ข้าวมันไก่,5,1,3,58,15,อาหารจานเดียว
508,ก๋วยเตี๋ยวเรือ,4,1,4,70,18,อาหารจานเดียว
509,หมูทอดกระเทียม,3,5,2,102,44,อาหารจานเดียว
510,ข้าวหมูกระเทียม,1,2,3,61,10,อาหารจานเดียว
511,แกงมัสมั่น,2,2,4,70,17,แกง
512,แกงส้ม,1,3,1,64,23,แกง
513,ข้าวคลุกกะปิ,3,3,3,78,15,อาหารจานเดียว
514,ข้าวต้มปลา,1,1,2,47,6,อาหารจานเดียว
515,ผัดซีอิ๊ว,3,1,3,128,30,อาหารจานเดียว
516,ข้าวหน้าเป็ด,1,1,3,31,14,อาหารจานเดียว
517,ไก่ทอด,2,2,3,58,16,อาหารจานด่วน
518,กะเพราไก่ไข่ดาว,4,1,3,81,28,อาหารจานด่วน
519,บะหมี่เกี๊ยว,3,4,3,76,12,อาหารจานเดียว
520,ข้าวผัดปู,4,1,4,52,22,อาหารจานเดียว
521,ข้าวผัด,2,2,4,52,14,อาหารจานเดียว
522,ผัดไทย,3,4,5,50,17,อาหารจานเดียว
523,ต้มยำกุ้ง,4,2,4,119,30,แกง
524,ส้มตำ,5,1,3,45,11,ยำ
525,แกงเขียวหวาน,5,4,4,89,35,แกง
526,ผัดกระเพรา,2,1,2,48,25,อาหารจานเดียว
527,ข้าวมันไก่,5,1,3,67,9,อาหารจานเดียว
528,ก๋วยเตี๋ยวเรือ,4,1,5,74,21,อาหารจานเดียว
529,หมูทอดกระเทียม,4,5,4,98,37,อาหารจานเดียว
530,ข้าวหมูกระเทียม,1,3,2,67,12,อาหารจานเดียว
531,แกงมัสมั่น,3,1,3,78,12,แกง
532,แกงส้ม,1,1,3,53,29,แกง
533,ข้าวคลุกกะปิ,3,1,2,84,23,อาหารจานเดียว
534,ข้าวต้มปลา,1,2,1,30,9,อาหารจานเดียว
535,ผัดซีอิ๊ว,4,2,5,123,27,อาหารจานเดียว
536,ข้าวหน้าเป็ด,2,2,1,32,13,อาหารจานเดียว
537,ไก่ทอด,2,2,3,41,15,อาหารจานด่วน
538,กะเพราไก่ไข่ดาว,3,2,3,91,28,อาหารจานด่วน
539,บะหมี่เกี๊ยว,5,3,5,61,19,อาหารจานเดียว
540,ข้าวผัดปู,3,3,3,52,27,อาหารจานเดียว
541,ข้าวผัด,3,3,3,40,6,อาหารจานเดียว
542,ผัดไทย,2,2,4,53,12,อาหารจานเดียว
543,ต้มยำกุ้ง,5,1,3,112,28,แกง
544,ส้มตำ,5,1,3,37,12,ยำ
545,แกงเขียวหวาน,5,4,2,75,30,แกง
546,ผัดกระเพรา,2,3,3,59,16,อาหารจานเดียว
547,ข้าวมันไก่,5,2,3,55,12,อาหารจานเดียว
548,ก๋วยเตี๋ยวเรือ,4,2,5,80,18,อาหารจานเดียว
549,หมูทอดกระเทียม,2,5,3,100,44,อาหารจานเดียว
550,ข้าวหมูกระเทียม,2,2,3,53,20,อาหารจานเดียว
551,แกงมัสมั่น,1,1,3,73,14,แกง
552,แกงส้ม,1,1,1,53,25,แกง
553,ข้าวคลุกกะปิ,1,1,2,78,25,อาหารจานเดียว
554,ข้าวต้มปลา,1,1,3,33,10,อาหารจานเดียว
555,ผัดซีอิ๊ว,2,2,5,121,27,อาหารจานเดียว
556,ข้าวหน้าเป็ด,1,1,1,47,10,อาหารจานเดียว
557,ไก่ทอด,1,1,3,45,21,อาหารจานด่วน
558,กะเพราไก่ไข่ดาว,2,2,3,87,25,อาหารจานด่วน
559,บะหมี่เกี๊ยว,5,3,3,75,10,อาหารจานเดียว
560,ข้าวผัดปู,4,3,3,56,25,อาหารจานเดียว
561,ข้าวผัด,2,1,4,53,5,อาหารจานเดียว
562,ผัดไทย,4,3,3,65,17,อาหารจานเดียว
563,ต้มยำกุ้ง,5,2,4,115,22,แกง
564,ส้มตำ,5,1,4,31,7,ยำ
565,แกงเขียวหวาน,5,2,3,75,28,แกง
566,ผัดกระเพรา,2,1,2,52,21,อาหารจานเดียว
567,ข้าวมันไก่,5,1,4,51,13,อาหารจานเดียว
568,ก๋วยเตี๋ยวเรือ,4,2,3,69,20,อาหารจานเดียว
569,หมูทอดกระเทียม,4,4,3,90,36,อาหารจานเดียว
570,ข้าวหมูกระเทียม,2,3,2,56,20,อาหารจานเดียว
571,แกงมัสมั่น,3,2,2,69,15,แกง
572,แกงส้ม,1,2,3,67,22,แกง
573,ข้าวคลุกกะปิ,1,2,4,71,23,อาหารจานเดียว
574,ข้าวต้มปลา,1,1,3,35,0,อาหารจานเดียว
575,ผัดซีอิ๊ว,4,2,4,129,35,อาหารจานเดียว
576,ข้าวหน้าเป็ด,1,2,3,48,11,อาหารจานเดียว
577,ไก่ทอด,3,1,4,50,20,อาหารจานด่วน
578,กะเพราไก่ไข่ดาว,3,3,4,96,24,อาหารจานด่วน
579,บะหมี่เกี๊ยว,4,4,4,74,11,อาหารจานเดียว
580,ข้าวผัดปู,2,1,3,65,24,อาหารจานเดียว
581,ข้าวผัด,1,3,3,53,14,อาหารจานเดียว
582,ผัดไทย,4,4,3,56,11,อาหารจานเดียว
583,ต้มยำกุ้ง,5,1,4,113,30,แกง
584,ส้มตำ,4,1,3,38,11,ยำ
585,แกงเขียวหวาน,5,4,3,73,27,แกง
586,ผัดกระเพรา,1,1,3,40,23,อาหารจานเดียว
587,ข้าวมันไก่,5,1,3,67,10,อาหารจานเดียว
588,ก๋วยเตี๋ยวเรือ,3,1,4,79,17,อาหารจานเดียว
589,หมูทอดกระเทียม,3,4,4,93,38,อาหารจานเดียว
590,ข้าวหมูกระเทียม,3,1,2,52,19,อาหารจานเดียว
591,แกงมัสมั่น,1,1,2,75,11,แกง
592,แกงส้ม,1,3,2,60,29,แกง
593,ข้าวคลุกกะปิ,2,2,2,90,23,อาหารจานเดียว
594,ข้าวต้มปลา,2,1,3,41,4,อาหารจานเดียว
595,ผัดซีอิ๊ว,3,1,5,121,34,อาหารจานเดียว
596,ข้าวหน้าเป็ด,2,1,3,36,10,อาหารจานเดียว
597,ไก่ทอด,3,2,3,52,19,อาหารจานด่วน
598,กะเพราไก่ไข่ดาว,2,2,3,80,20,อาหารจานด่วน
599,บะหมี่เกี๊ยว,4,2,3,73,14,อาหารจานเดียว
600,ข้าวผัดปู,2,2,4,63,20,อาหารจานเดียว
601,ข้าวผัด,3,3,4,44,5,อาหารจานเดียว
602,ผัดไทย,2,4,5,53,16,อาหารจานเดียว
603,ต้มยำกุ้ง,5,2,5,124,25,แกง
604,ส้มตำ,5,3,3,42,14,ยำ
605,แกงเขียวหวาน,3,4,2,87,32,แกง
606,ผัดกระเพรา,1,2,1,45,21,อาหารจานเดียว
607,ข้าวมันไก่,4,2,2,65,8,อาหารจานเดียว
608,ก๋วยเตี๋ยวเรือ,5,1,3,78,24,อาหารจานเดียว
609,หมูทอดกระเทียม,2,5,3,94,45,อาหารจานเดียว
610,ข้าวหมูกระเทียม,3,2,2,53,11,อาหารจานเดียว
611,แกงมัสมั่น,1,1,3,78,12,แกง
612,แกงส้ม,2,3,2,63,29,แกง
613,ข้าวคลุกกะปิ,1,2,3,78,19,อาหารจานเดียว
614,ข้าวต้มปลา,2,1,2,46,6,อาหารจานเดียว
615,ผัดซีอิ๊ว,2,2,4,128,31,อาหารจานเดียว
616,ข้าวหน้าเป็ด,1,2,1,42,16,อาหารจานเดียว
617,ไก่ทอด,1,1,2,40,15,อาหารจานด่วน
618,กะเพราไก่ไข่ดาว,4,1,3,82,30,อาหารจานด่วน
619,บะหมี่เกี๊ยว,4,4,3,67,18,อาหารจานเดียว
620,ข้าวผัดปู,4,3,4,55,20,อาหารจานเดียว
621,ข้าวผัด,1,1,2,59,14,อาหารจานเดียว
622,ผัดไทย,3,3,5,54,15,อาหารจานเดียว
623,ต้มยำกุ้ง,5,2,5,123,25,แกง
624,ส้มตำ,4,3,4,32,12,ยำ
625,แกงเขียวหวาน,5,4,3,76,25,แกง
626,ผัดกระเพรา,2,3,1,44,16,อาหารจานเดียว
627,ข้าวมันไก่,4,1,2,68,11,อาหารจานเดียว
628,ก๋วยเตี๋ยวเรือ,3,1,5,76,16,อาหารจานเดียว
629,หมูทอดกระเทียม,4,3,4,99,41,อาหารจานเดียว
630,ข้าวหมูกระเทียม,2,1,4,68,19,อาหารจานเดียว
631,แกงมัสมั่น,1,2,4,78,11,แกง
632,แกงส้ม,1,1,2,68,30,แกง
633,ข้าวคลุกกะปิ,1,1,3,80,19,อาหารจานเดียว
634,ข้าวต้มปลา,1,2,1,45,2,อาหารจานเดียว
635,ผัดซีอิ๊ว,3,1,3,123,33,อาหารจานเดียว
636,ข้าวหน้าเป็ด,1,1,3,47,14,อาหารจานเดียว
637,ไก่ทอด,1,1,4,51,25,อาหารจานด่วน
638,กะเพราไก่ไข่ดาว,4,2,2,87,22,อาหารจานด่วน
639,บะหมี่เกี๊ยว,3,4,3,74,12,อาหารจานเดียว
640,ข้าวผัดปู,3,3,4,58,20,อาหารจานเดียว
641,ข้าวผัด,1,2,2,47,11,อาหารจานเดียว
642,ผัดไทย,3,2,3,61,15,อาหารจานเดียว
643,ต้มยำกุ้ง,5,1,3,126,24,แกง
644,ส้มตำ,5,2,4,32,5,ยำ
645,แกงเขียวหวาน,3,4,3,90,28,แกง
646,ผัดกระเพรา,2,1,2,54,18,อาหารจานเดียว
647,ข้าวมันไก่,4,1,4,50,15,อาหารจานเดียว
648,ก๋วยเตี๋ยวเรือ,4,1,5,66,15,อาหารจานเดียว
649,หมูทอดกระเทียม,4,4,2,106,44,อาหารจานเดียว
650,ข้าวหมูกระเทียม,1,2,4,65,16,อาหารจานเดียว
651,แกงมัสมั่น,1,1,3,62,14,แกง
652,แกงส้ม,2,1,3,65,20,แกง
653,ข้าวคลุกกะปิ,1,1,3,80,20,อาหารจานเดียว
654,ข้าวต้มปลา,1,2,1,46,6,อาหารจานเดียว
655,ผัดซีอิ๊ว,4,1,3,119,33,อาหารจานเดียว
656,ข้าวหน้าเป็ด,1,1,1,42,15,อาหารจานเดียว
657,ไก่ทอด,3,1,2,52,16,อาหารจานด่วน
658,กะเพราไก่ไข่ดาว,4,3,4,90,20,อาหารจานด่วน
659,บะหมี่เกี๊ยว,3,4,4,66,12,อาหารจานเดียว
660,ข้าวผัดปู,3,2,4,62,26,อาหารจานเดียว
661,ข้าวผัด,1,1,4,42,8,อาหารจานเดียว
662,ผัดไทย,4,2,3,55,15,อาหารจานเดียว
663,ต้มยำกุ้ง,5,3,3,116,26,แกง
664,ส้มตำ,5,3,3,50,14,ยำ
665,แกงเขียวหวาน,4,4,3,70,26,แกง
666,ผัดกระเพรา,1,1,2,45,16,อาหารจานเดียว
667,ข้าวมันไก่,4,2,4,54,5,อาหารจานเดียว
668,ก๋วยเตี๋ยวเรือ,5,1,5,66,20,อาหารจานเดียว
669,หมูทอดกระเทียม,4,5,2,97,40,อาหารจานเดียว
670,ข้าวหมูกระเทียม,1,1,2,57,16,อาหารจานเดียว
671,แกงมัสมั่น,1,1,4,77,12,แกง
672,แกงส้ม,2,1,3,62,20,แกง
673,ข้าวคลุกกะปิ,2,1,3,84,18,อาหารจานเดียว
674,ข้าวต้มปลา,1,2,3,42,8,อาหารจานเดียว
675,ผัดซีอิ๊ว,2,1,5,112,28,อาหารจานเดียว
676,ข้าวหน้าเป็ด,1,2,3,37,13,อาหารจานเดียว
677,ไก่ทอด,3,3,4,42,23,อาหารจานด่วน
678,กะเพราไก่ไข่ดาว,4,1,4,89,23,อาหารจานด่วน
679,บะหมี่เกี๊ยว,4,4,3,66,17,อาหารจานเดียว
680,ข้าวผัดปู,2,3,3,52,27,อาหารจานเดียว
681,ข้าวผัด,2,2,4,48,14,อาหารจานเดียว
682,ผัดไทย,4,4,4,66,12,อาหารจานเดียว
683,ต้มยำกุ้ง,4,2,4,112,20,แกง
684,ส้มตำ,4,1,5,37,15,ยำ
685,แกงเขียวหวาน,3,3,4,76,25,แกง
686,ผัดกระเพรา,2,2,3,54,22,อาหารจานเดียว
687,ข้าวมันไก่,5,1,3,70,13,อาหารจานเดียว
688,ก๋วยเตี๋ยวเรือ,3,2,5,60,25,อาหารจานเดียว
689,หมูทอดกระเทียม,3,5,2,105,38,อาหารจานเดียว
690,ข้าวหมูกระเทียม,2,2,3,51,10,อาหารจานเดียว
691,แกงมัสมั่น,1,1,2,60,14,แกง
692,แกงส้ม,2,1,1,61,26,แกง
693,ข้าวคลุกกะปิ,1,1,2,86,17,อาหารจานเดียว
694,ข้าวต้มปลา,1,1,1,46,3,อาหารจานเดียว
695,ผัดซีอิ๊ว,3,3,3,114,29,อาหารจานเดียว
696,ข้าวหน้าเป็ด,1,1,1,34,19,อาหารจานเดียว
697,ไก่ทอด,3,3,3,49,23,อาหารจานด่วน
698,กะเพราไก่ไข่ดาว,4,1,4,100,22,อาหารจานด่วน
699,บะหมี่เกี๊ยว,4,3,5,66,10,อาหารจานเดียว
700,ข้าวผัดปู,4,3,3,53,24,อาหารจานเดียว
701,ข้าวผัด,1,3,2,44,9,อาหารจานเดียว
702,ผัดไทย,4,2,3,62,13,อาหารจานเดียว
703,ต้มยำกุ้ง,5,3,4,114,25,แกง
704,ส้มตำ,5,3,3,30,10,ยำ
705,แกงเขียวหวาน,4,3,2,76,26,แกง
706,ผัดกระเพรา,1,2,3,42,19,อาหารจานเดียว
707,ข้าวมันไก่,5,1,2,69,5,อาหารจานเดียว
708,ก๋วยเตี๋ยวเรือ,5,2,5,62,18,อาหารจานเดียว
709,หมูทอดกระเทียม,4,3,3,92,43,อาหารจานเดียว
710,ข้าวหมูกระเทียม,2,2,2,50,17,อาหารจานเดียว
711,แกงมัสมั่น,3,1,3,68,20,แกง
712,แกงส้ม,1,3,1,64,30,แกง
713,ข้าวคลุกกะปิ,2,1,3,81,15,อาหารจานเดียว
714,ข้าวต้มปลา,1,1,2,30,10,อาหารจานเดียว
715,ผัดซีอิ๊ว,2,3,5,127,30,อาหารจานเดียว
716,ข้าวหน้าเป็ด,2,1,1,50,16,อาหารจานเดียว
717,ไก่ทอด,3,2,2,60,15,อาหารจานด่วน
718,กะเพราไก่ไข่ดาว,4,2,4,85,27,อาหารจานด่วน
719,บะหมี่เกี๊ยว,5,4,4,65,14,อาหารจานเดียว
720,ข้าวผัดปู,4,3,4,60,27,อาหารจานเดียว
721,ข้าวผัด,1,2,4,43,13,อาหารจานเดียว
722,ผัดไทย,3,3,4,56,20,อาหารจานเดียว
723,ต้มยำกุ้ง,4,2,4,119,25,แกง
724,ส้มตำ,5,2,3,43,13,ยำ
725,แกงเขียวหวาน,3,4,3,87,26,แกง
726,ผัดกระเพรา,1,2,3,51,22,อาหารจานเดียว
727,ข้าวมันไก่,5,1,3,64,10,อาหารจานเดียว
728,ก๋วยเตี๋ยวเรือ,5,2,4,70,16,อาหารจานเดียว
729,หมูทอดกระเทียม,3,5,4,104,38,อาหารจานเดียว
730,ข้าวหมูกระเทียม,3,2,2,63,20,อาหารจานเดียว
731,แกงมัสมั่น,3,1,3,69,13,แกง
732,แกงส้ม,2,1,2,59,27,แกง
733,ข้าวคลุกกะปิ,1,2,4,82,20,อาหารจานเดียว
734,ข้าวต้มปลา,2,2,2,43,2,อาหารจานเดียว
735,ผัดซีอิ๊ว,2,1,5,123,34,อาหารจานเดียว
736,ข้าวหน้าเป็ด,1,1,3,36,10,อาหารจานเดียว
737,ไก่ทอด,1,1,2,54,16,อาหารจานด่วน
738,กะเพราไก่ไข่ดาว,2,1,4,89,29,อาหารจานด่วน
739,บะหมี่เกี๊ยว,4,3,5,70,15,อาหารจานเดียว
740,ข้าวผัดปู,3,1,2,53,20,อาหารจานเดียว
741,ข้าวผัด,3,1,3,42,10,อาหารจานเดียว
742,ผัดไทย,4,3,4,60,12,อาหารจานเดียว
743,ต้มยำกุ้ง,5,1,4,111,22,แกง
744,ส้มตำ,5,3,4,45,11,ยำ
745,แกงเขียวหวาน,4,2,2,89,29,แกง
746,ผัดกระเพรา,1,2,3,49,21,อาหารจานเดียว
747,ข้าวมันไก่,4,1,4,55,14,อาหารจานเดียว
748,ก๋วยเตี๋ยวเรือ,5,1,3,65,23,อาหารจานเดียว
749,หมูทอดกระเทียม,3,3,4,90,35,อาหารจานเดียว
750,ข้าวหมูกระเทียม,1,2,4,62,17,อาหารจานเดียว
751,แกงมัสมั่น,3,2,3,61,11,แกง
752,แกงส้ม,2,3,3,60,26,แกง
753,ข้าวคลุกกะปิ,1,1,3,76,15,อาหารจานเดียว
754,ข้าวต้มปลา,1,2,3,39,10,อาหารจานเดียว
755,ผัดซีอิ๊ว,3,1,3,110,27,อาหารจานเดียว
756,ข้าวหน้าเป็ด,1,2,1,43,16,อาหารจานเดียว
757,ไก่ทอด,1,3,2,40,24,อาหารจานด่วน
758,กะเพราไก่ไข่ดาว,2,1,4,96,25,อาหารจานด่วน
759,บะหมี่เกี๊ยว,3,2,5,71,16,อาหารจานเดียว
760,ข้าวผัดปู,4,3,4,64,27,อาหารจานเดียว
761,ข้าวผัด,1,3,3,45,9,อาหารจานเดียว
762,ผัดไทย,4,4,4,58,13,อาหารจานเดียว
763,ต้มยำกุ้ง,4,1,3,126,20,แกง
764,ส้มตำ,5,3,4,31,15,ยำ
765,แกงเขียวหวาน,5,3,2,90,31,แกง
766,ผัดกระเพรา,1,1,3,51,21,อาหารจานเดียว
767,ข้าวมันไก่,4,1,4,70,5,อาหารจานเดียว
768,ก๋วยเตี๋ยวเรือ,5,1,5,67,15,อาหารจานเดียว
769,หมูทอดกระเทียม,2,4,2,90,36,อาหารจานเดียว
770,ข้าวหมูกระเทียม,2,1,2,52,12,อาหารจานเดียว
771,แกงมัสมั่น,2,1,4,63,17,แกง
772,แกงส้ม,2,2,1,57,26,แกง
773,ข้าวคลุกกะปิ,1,3,4,89,15,อาหารจานเดียว
774,ข้าวต้มปลา,2,1,1,36,5,อาหารจานเดียว
775,ผัดซีอิ๊ว,3,2,5,127,25,อาหารจานเดียว
776,ข้าวหน้าเป็ด,2,1,2,50,20,อาหารจานเดียว
777,ไก่ทอด,2,2,2,40,15,อาหารจานด่วน
778,กะเพราไก่ไข่ดาว,4,3,4,83,22,อาหารจานด่วน
779,บะหมี่เกี๊ยว,3,2,5,80,11,อาหารจานเดียว
780,ข้าวผัดปู,4,3,2,70,27,อาหารจานเดียว
781,ข้าวผัด,3,2,3,57,8,อาหารจานเดียว
782,ผัดไทย,2,4,4,69,13,อาหารจานเดียว
783,ต้มยำกุ้ง,5,2,4,113,20,แกง
784,ส้มตำ,4,1,5,35,10,ยำ
785,แกงเขียวหวาน,3,3,4,89,29,แกง
786,ผัดกระเพรา,1,1,3,48,25,อาหารจานเดียว
787,ข้าวมันไก่,5,1,3,65,10,อาหารจานเดียว
788,ก๋วยเตี๋ยวเรือ,4,2,4,77,18,อาหารจานเดียว
789,หมูทอดกระเทียม,4,4,3,102,39,อาหารจานเดียว
790,ข้าวหมูกระเทียม,2,3,3,56,12,อาหารจานเดียว
791,แกงมัสมั่น,3,1,3,74,16,แกง
792,แกงส้ม,1,1,2,51,22,แกง
793,ข้าวคลุกกะปิ,3,1,3,73,21,อาหารจานเดียว
794,ข้าวต้มปลา,1,2,1,42,10,อาหารจานเดียว
795,ผัดซีอิ๊ว,2,1,3,112,26,อาหารจานเดียว
796,ข้าวหน้าเป็ด,1,2,3,34,16,อาหารจานเดียว
797,ไก่ทอด,3,2,2,48,25,อาหารจานด่วน
798,กะเพราไก่ไข่ดาว,3,3,4,82,21,อาหารจานด่วน
799,บะหมี่เกี๊ยว,4,4,3,72,12,อาหารจานเดียว
800,ข้าวผัดปู,2,1,2,55,22,อาหารจานเดียว
801,ข้าวผัด,1,3,2,47,6,อาหารจานเดียว
802,ผัดไทย,2,3,3,59,18,อาหารจานเดียว
803,ต้มยำกุ้ง,4,3,4,111,22,แกง
804,ส้มตำ,4,2,5,45,8,ยำ
805,แกงเขียวหวาน,5,4,4,81,27,แกง
806,ผัดกระเพรา,1,2,1,54,24,อาหารจานเดียว
807,ข้าวมันไก่,5,2,3,50,5,อาหารจานเดียว
808,ก๋วยเตี๋ยวเรือ,4,1,5,64,20,อาหารจานเดียว
809,หมูทอดกระเทียม,2,4,4,104,41,อาหารจานเดียว
810,ข้าวหมูกระเทียม,3,1,3,61,10,อาหารจานเดียว
811,แกงมัสมั่น,2,2,2,76,18,แกง
812,แกงส้ม,1,2,2,69,28,แกง
813,ข้าวคลุกกะปิ,1,2,4,87,19,อาหารจานเดียว
814,ข้าวต้มปลา,1,2,3,38,10,อาหารจานเดียว
815,ผัดซีอิ๊ว,4,2,5,114,34,อาหารจานเดียว
816,ข้าวหน้าเป็ด,1,1,3,46,19,อาหารจานเดียว
817,ไก่ทอด,1,1,3,56,20,อาหารจานด่วน
818,กะเพราไก่ไข่ดาว,3,3,4,82,29,อาหารจานด่วน
819,บะหมี่เกี๊ยว,3,3,3,77,19,อาหารจานเดียว
820,ข้าวผัดปู,2,1,4,54,25,อาหารจานเดียว
821,ข้าวผัด,2,2,3,46,11,อาหารจานเดียว
822,ผัดไทย,4,3,4,67,18,อาหารจานเดียว
823,ต้มยำกุ้ง,5,2,3,111,26,แกง
824,ส้มตำ,5,2,5,42,5,ยำ
825,แกงเขียวหวาน,4,4,2,81,33,แกง
826,ผัดกระเพรา,2,2,3,50,22,อาหารจานเดียว
827,ข้าวมันไก่,5,1,4,69,7,อาหารจานเดียว
828,ก๋วยเตี๋ยวเรือ,4,2,3,78,22,อาหารจานเดียว
829,หมูทอดกระเทียม,2,3,3,90,44,อาหารจานเดียว
830,ข้าวหมูกระเทียม,3,3,2,69,11,อาหารจานเดียว
831,แกงมัสมั่น,2,1,3,67,10,แกง
832,แกงส้ม,2,2,3,52,23,แกง
833,ข้าวคลุกกะปิ,1,1,3,76,15,อาหารจานเดียว
834,ข้าวต้มปลา,2,1,2,43,6,อาหารจานเดียว
835,ผัดซีอิ๊ว,3,1,3,117,30,อาหารจานเดียว
836,ข้าวหน้าเป็ด,1,1,1,34,10,อาหารจานเดียว
837,ไก่ทอด,2,3,3,47,19,อาหารจานด่วน
838,กะเพราไก่ไข่ดาว,4,1,4,90,20,อาหารจานด่วน
839,บะหมี่เกี๊ยว,4,3,3,74,13,อาหารจานเดียว
840,ข้าวผัดปู,4,3,3,56,21,อาหารจานเดียว
841,ข้าวผัด,2,1,3,50,6,อาหารจานเดียว
842,ผัดไทย,3,3,4,52,13,อาหารจานเดียว
843,ต้มยำกุ้ง,5,3,5,115,26,แกง
844,ส้มตำ,5,3,4,48,10,ยำ
845,แกงเขียวหวาน,3,3,2,72,33,แกง
846,ผัดกระเพรา,1,1,1,57,15,อาหารจานเดียว
847,ข้าวมันไก่,4,1,2,60,8,อาหารจานเดียว
848,ก๋วยเตี๋ยวเรือ,3,1,3,78,20,อาหารจานเดียว
849,หมูทอดกระเทียม,3,3,2,91,39,อาหารจานเดียว
850,ข้าวหมูกระเทียม,1,1,2,60,17,อาหารจานเดียว
851,แกงมัสมั่น,1,1,4,69,17,แกง
852,แกงส้ม,1,2,2,60,21,แกง
853,ข้าวคลุกกะปิ,2,3,4,88,19,อาหารจานเดียว
854,ข้าวต้มปลา,2,2,3,40,6,อาหารจานเดียว
855,ผัดซีอิ๊ว,4,1,3,111,29,อาหารจานเดียว
856,ข้าวหน้าเป็ด,2,1,2,34,12,อาหารจานเดียว
857,ไก่ทอด,2,2,3,55,24,อาหารจานด่วน
858,กะเพราไก่ไข่ดาว,2,2,2,100,21,อาหารจานด่วน
859,บะหมี่เกี๊ยว,5,4,3,80,14,อาหารจานเดียว
860,ข้าวผัดปู,3,1,3,56,29,อาหารจานเดียว
861,ข้าวผัด,2,3,4,52,10,อาหารจานเดียว
862,ผัดไทย,2,4,4,61,14,อาหารจานเดียว
863,ต้มยำกุ้ง,4,2,5,130,28,แกง
864,ส้มตำ,5,1,5,34,14,ยำ
865,แกงเขียวหวาน,5,4,3,88,29,แกง
866,ผัดกระเพรา,1,2,3,41,19,อาหารจานเดียว
867,ข้าวมันไก่,5,1,2,62,11,อาหารจานเดียว
868,ก๋วยเตี๋ยวเรือ,5,1,5,69,20,อาหารจานเดียว
869,หมูทอดกระเทียม,2,4,3,102,36,อาหารจานเดียว
870,ข้าวหมูกระเทียม,2,3,2,52,10,อาหารจานเดียว
871,แกงมัสมั่น,2,2,3,63,16,แกง
872,แกงส้ม,2,2,2,53,30,แกง
873,ข้าวคลุกกะปิ,3,2,4,73,16,อาหารจานเดียว
874,ข้าวต้มปลา,2,1,3,50,4,อาหารจานเดียว
875,ผัดซีอิ๊ว,3,3,5,117,26,อาหารจานเดียว
876,ข้าวหน้าเป็ด,1,1,1,49,14,อาหารจานเดียว
877,ไก่ทอด,2,1,2,50,23,อาหารจานด่วน
878,กะเพราไก่ไข่ดาว,2,1,4,86,28,อาหารจานด่วน
879,บะหมี่เกี๊ยว,3,4,5,78,18,อาหารจานเดียว
880,ข้าวผัดปู,3,1,2,58,20,อาหารจานเดียว
881,ข้าวผัด,3,3,4,42,14,อาหารจานเดียว
882,ผัดไทย,4,2,3,57,16,อาหารจานเดียว
883,ต้มยำกุ้ง,5,1,4,119,29,แกง
884,ส้มตำ,4,1,3,50,13,ยำ
885,แกงเขียวหวาน,3,3,3,77,25,แกง
886,ผัดกระเพรา,2,3,3,60,21,อาหารจานเดียว
887,ข้าวมันไก่,5,1,2,62,10,อาหารจานเดียว
888,ก๋วยเตี๋ยวเรือ,3,1,5,72,16,อาหารจานเดียว
889,หมูทอดกระเทียม,3,5,2,94,45,อาหารจานเดียว
890,ข้าวหมูกระเทียม,3,2,2,64,15,อาหารจานเดียว
891,แกงมัสมั่น,2,1,3,80,15,แกง
892,แกงส้ม,2,1,2,64,23,แกง
893,ข้าวคลุกกะปิ,3,3,3,77,25,อาหารจานเดียว
894,ข้าวต้มปลา,1,2,3,30,10,อาหารจานเดียว
895,ผัดซีอิ๊ว,3,1,4,122,32,อาหารจานเดียว
896,ข้าวหน้าเป็ด,1,1,3,40,18,อาหารจานเดียว
897,ไก่ทอด,1,3,4,47,18,อาหารจานด่วน
898,กะเพราไก่ไข่ดาว,2,1,2,86,21,อาหารจานด่วน
899,บะหมี่เกี๊ยว,5,3,4,72,15,อาหารจานเดียว
900,ข้าวผัดปู,2,2,2,68,27,อาหารจานเดียว
901,ข้าวผัด,3,1,2,46,6,อาหารจานเดียว
902,ผัดไทย,2,2,5,54,18,อาหารจานเดียว
903,ต้มยำกุ้ง,5,2,4,125,20,แกง
904,ส้มตำ,4,3,5,41,7,ยำ
905,แกงเขียวหวาน,3,3,3,90,31,แกง
906,ผัดกระเพรา,1,1,1,59,23,อาหารจานเดียว
907,ข้าวมันไก่,4,1,4,66,8,อาหารจานเดียว
908,ก๋วยเตี๋ยวเรือ,4,1,3,67,19,อาหารจานเดียว
909,หมูทอดกระเทียม,2,3,3,109,36,อาหารจานเดียว
910,ข้าวหมูกระเทียม,1,1,2,55,13,อาหารจานเดียว
911,แกงมัสมั่น,2,1,2,79,20,แกง
912,แกงส้ม,1,2,2,62,22,แกง
913,ข้าวคลุกกะปิ,2,2,4,78,20,อาหารจานเดียว
914,ข้าวต้มปลา,1,1,1,43,9,อาหารจานเดียว
915,ผัดซีอิ๊ว,2,2,3,123,35,อาหารจานเดียว
916,ข้าวหน้าเป็ด,1,1,2,49,20,อาหารจานเดียว
917,ไก่ทอด,1,3,4,49,18,อาหารจานด่วน
918,กะเพราไก่ไข่ดาว,2,2,4,99,25,อาหารจานด่วน
919,บะหมี่เกี๊ยว,3,2,4,75,19,อาหารจานเดียว
920,ข้าวผัดปู,4,1,4,61,27,อาหารจานเดียว
921,ข้าวผัด,3,3,4,43,9,อาหารจานเดียว
922,ผัดไทย,3,2,4,60,16,อาหารจานเดียว
923,ต้มยำกุ้ง,4,1,5,114,21,แกง
924,ส้มตำ,5,3,3,41,9,ยำ
925,แกงเขียวหวาน,4,3,3,77,32,แกง
926,ผัดกระเพรา,1,1,3,45,24,อาหารจานเดียว
927,ข้าวมันไก่,4,1,3,70,5,อาหารจานเดียว
928,ก๋วยเตี๋ยวเรือ,3,1,4,74,21,อาหารจานเดียว
929,หมูทอดกระเทียม,4,4,2,106,42,อาหารจานเดียว
930,ข้าวหมูกระเทียม,3,2,2,70,15,อาหารจานเดียว
931,แกงมัสมั่น,1,1,3,75,14,แกง
932,แกงส้ม,2,1,2,54,21,แกง
933,ข้าวคลุกกะปิ,1,2,4,73,21,อาหารจานเดียว
934,ข้าวต้มปลา,2,2,2,40,0,อาหารจานเดียว
935,ผัดซีอิ๊ว,3,2,5,128,34,อาหารจานเดียว
936,ข้าวหน้าเป็ด,2,1,1,32,11,อาหารจานเดียว
937,ไก่ทอด,1,1,4,48,24,อาหารจานด่วน
938,กะเพราไก่ไข่ดาว,3,2,4,84,20,อาหารจานด่วน
939,บะหมี่เกี๊ยว,4,4,4,63,17,อาหารจานเดียว
940,ข้าวผัดปู,4,3,2,52,21,อาหารจานเดียว
941,ข้าวผัด,3,3,3,51,11,อาหารจานเดียว
942,ผัดไทย,4,4,5,57,17,อาหารจานเดียว
943,ต้มยำกุ้ง,5,2,5,116,21,แกง
944,ส้มตำ,5,2,5,45,12,ยำ
945,แกงเขียวหวาน,3,3,2,72,34,แกง
946,ผัดกระเพรา,1,2,2,47,16,อาหารจานเดียว
947,ข้าวมันไก่,4,2,4,67,7,อาหารจานเดียว
948,ก๋วยเตี๋ยวเรือ,5,1,4,72,19,อาหารจานเดียว
949,หมูทอดกระเทียม,4,3,4,101,38,อาหารจานเดียว
950,ข้าวหมูกระเทียม,1,1,4,58,20,อาหารจานเดียว
951,แกงมัสมั่น,2,1,3,73,19,แกง
952,แกงส้ม,1,2,3,61,22,แกง
953,ข้าวคลุกกะปิ,2,1,2,86,19,อาหารจานเดียว
954,ข้าวต้มปลา,2,1,2,47,5,อาหารจานเดียว
955,ผัดซีอิ๊ว,3,2,4,120,30,อาหารจานเดียว
956,ข้าวหน้าเป็ด,2,2,1,35,19,อาหารจานเดียว
957,ไก่ทอด,1,1,4,60,23,อาหารจานด่วน
958,กะเพราไก่ไข่ดาว,3,1,4,98,26,อาหารจานด่วน
959,บะหมี่เกี๊ยว,4,3,3,80,18,อาหารจานเดียว
960,ข้าวผัดปู,2,2,4,67,29,อาหารจานเดียว
961,ข้าวผัด,2,2,4,59,8,อาหารจานเดียว
962,ผัดไทย,3,4,3,60,19,อาหารจานเดียว
963,ต้มยำกุ้ง,4,3,5,111,26,แกง
964,ส้มตำ,5,2,4,40,9,ยำ
965,แกงเขียวหวาน,4,4,2,85,26,แกง
966,ผัดกระเพรา,1,2,2,43,25,อาหารจานเดียว
967,ข้าวมันไก่,5,1,4,64,11,อาหารจานเดียว
968,ก๋วยเตี๋ยวเรือ,5,1,3,75,19,อาหารจานเดียว
969,หมูทอดกระเทียม,3,4,2,104,40,อาหารจานเดียว
970,ข้าวหมูกระเทียม,1,3,2,52,10,อาหารจานเดียว
971,แกงมัสมั่น,1,1,4,72,11,แกง
972,แกงส้ม,1,3,1,54,24,แกง
973,ข้าวคลุกกะปิ,2,1,3,88,23,อาหารจานเดียว
974,ข้าวต้มปลา,1,2,2,35,0,อาหารจานเดียว
975,ผัดซีอิ๊ว,2,3,5,121,32,อาหารจานเดียว
976,ข้าวหน้าเป็ด,2,1,1,30,13,อาหารจานเดียว
977,ไก่ทอด,2,3,3,47,22,อาหารจานด่วน
978,กะเพราไก่ไข่ดาว,2,1,4,93,21,อาหารจานด่วน
979,บะหมี่เกี๊ยว,3,4,5,66,12,อาหารจานเดียว
980,ข้าวผัดปู,2,3,3,59,21,อาหารจานเดียว
981,ข้าวผัด,3,2,4,45,8,อาหารจานเดียว
982,ผัดไทย,3,2,3,62,16,อาหารจานเดียว
983,ต้มยำกุ้ง,4,2,3,128,28,แกง
984,ส้มตำ,4,3,3,36,15,ยำ
985,แกงเขียวหวาน,5,3,2,86,27,แกง
986,ผัดกระเพรา,1,1,1,41,21,อาหารจานเดียว
987,ข้าวมันไก่,5,1,2,70,8,อาหารจานเดียว
988,ก๋วยเตี๋ยวเรือ,5,2,3,63,15,อาหารจานเดียว
989,หมูทอดกระเทียม,2,5,3,99,42,อาหารจานเดียว
990,ข้าวหมูกระเทียม,3,3,2,68,13,อาหารจานเดียว
991,แกงมัสมั่น,1,2,3,70,11,แกง
992,แกงส้ม,1,2,1,54,29,แกง
993,ข้าวคลุกกะปิ,2,3,3,87,17,อาหารจานเดียว
994,ข้าวต้มปลา,1,2,1,35,7,อาหารจานเดียว
995,ผัดซีอิ๊ว,2,1,5,119,31,อาหารจานเดียว
996,ข้าวหน้าเป็ด,2,2,2,38,14,อาหารจานเดียว
997,ไก่ทอด,2,3,4,58,23,อาหารจานด่วน
998,กะเพราไก่ไข่ดาว,2,1,4,84,20,อาหารจานด่วน
999,บะหมี่เกี๊ยว,4,3,4,79,19,อาหารจานเดียว
1000,ข้าวผัดปู,2,1,2,54,28,อาหารจานเดียว
